<?xml version="1.0" encoding="UTF-8"?>

<beans xmlns="http://www.springframework.org/schema/beans" xmlns:xsi="http://www.w3.org/2001/XMLSchema-instance"
	xmlns:mvc="http://www.springframework.org/schema/mvc" xmlns:context="http://www.springframework.org/schema/context"
	xsi:schemaLocation="http://www.springframework.org/schema/mvc http://www.springframework.org/schema/mvc/spring-mvc.xsd
		http://www.springframework.org/schema/beans http://www.springframework.org/schema/beans/spring-beans.xsd
		http://www.springframework.org/schema/context http://www.springframework.org/schema/context/spring-context.xsd">

         <context:component-scan base-package="org.m4ver1k.web"/> 
         
         <bean id="mailService" class="org.m4ver1k.services.MailService">
         	<property name="mailSender" ref="mailSender"></property>
         </bean>

		<bean id="mailSender" class="org.springframework.mail.javamail.JavaMailSenderImpl">
			<property name="host" value="smtp.gmail.com" />
			<property name="port" value="465" />
			<property name="username" value="ssiddu200@gmail.com" />
			<property name="password" value="9900218873" />
	
			<property name="javaMailProperties">
				<props>
					<prop key="mail.smtp.auth">true</prop>
					<prop key="mail.smtp.starttls.enable">true</prop>
					<prop key="mail.smtp.socketFactory.port">port</prop>
                    <prop key="mail.smtp.socketFactory.class">javax.net.ssl.SSLSocketFactory</prop>
                    <prop key="mail.smtp.socketFactory.fallback">false</prop>
				</props>
			</property>
		</bean>

	<bean class="org.springframework.web.servlet.view.InternalResourceViewResolver">
	        <!-- Example: a logical view name of 'showMessage' is mapped to '/WEB-INF/jsp/showMessage.jsp' -->
	        <property name="prefix" value="/WEB-INF/view/"/>
	        <property name="suffix" value=".jsp"/>
	</bean>

</beans>
